Name,Sequence,Net_Charge_at_pH_7,Charge,Isoelectric_Point,Hydrophobicity_at_pH_2,Hydrophobicity_at_pH_6.8,GRAVY,MW
R8-Bak,RRRRRRRRGCMGQVGRQLAIIGDDINRRY,8.91,9,12.58,10.41,12.93,-1.46,3585.33
"TO4, human Bax 21-mer (52–72)",QDASTKKLSECLKRIGDELDS,-1.09,-1,4.7,14.19,7.95,-0.98,2336.7
peptide containing the BH3 regions from Bad (140-165) (Mus musculis),NLWAAQRYGRELRRMSDEFEGSFKGL,1,1,9.78,22.19,20.08,-0.98,3117.62
human BAD peptide (103–127),NLWAAQRYGRELRRMSDEFVDSFKK,2,2,10.28,19.72,18.04,-1.12,3103.62
R8-BAD,RRRRRRRRGCNLWAAQRYGRELRRMSDEFVD,7.91,8,12.33,10.52,11.03,-1.81,4022.72
Bim (145-165),EIWIAQELRRIGDEFNAYYAR,-1,-1,4.64,32.57,28.52,-0.61,2614.02
peptide containing the BH3 regions from Bid (84-99),RNIARHLAQVGDSMDR,1.11,2,10.98,14.06,14.44,-0.87,1839.14
R8-Bax,RRRRRRRRGCSTKKLSECLKRIGDELDSNM,7.82,8,11.96,5.47,5.37,-1.69,3677.42
MS1,RPEIWMTQGLRRLGDEINAYYAR,1,1,9.62,24,22.61,-0.87,2809.32
MS2,RPEIWLTQSLQRLGDEINAYYAR,0,0,7.02,25.17,23.7,-0.76,2793.26
MS3,RPEIWLTQHLQRLGDEINAYYAR,0.11,1,7.89,23.65,24.26,-0.87,2843.33
A12,RPEIWMGQGLRRLGDEINAYYAR,1,1,9.62,23.43,22.04,-0.86,2765.27
B3,RPEIWLGQSLQRLGDEINAYYAR,0,0,7.02,24.61,23.13,-0.75,2749.21
NoxaA,AELPPEFAAQLRKIGDKVYC,-0.09,0,6.19,25.05,21.4,-0.21,2248.72
BIM- A2eT,RPEIWITQELRRIGDEFNAYYAR,0,0,7.06,25.13,22.22,-0.93,2897.36
BIM- A2eT-I2dM,RPEIWMTQELRRIGDEFNAYYAR,0,0,7.06,24,21.13,-1.05,2915.39
BIM- A2eT-E2gG,RPEIWITQGLRRIGDEFNAYYAR,1,1,9.62,24.78,23.57,-0.8,2825.3
BIM- A2eT-I3dL,RPEIWITQELRRLGDEFNAYYAR,0,0,7.06,25.13,22.26,-0.97,2897.36
BIM- A2eT-F4aI,RPEIWITQELRRIGDEINAYYAR,0,0,7.06,25.48,22.3,-0.86,2863.35
XH11,RPEIWVAQELKRNGDEFNAYYAR,0,0,7.04,19.09,15.96,-1.16,2826.23
XF8,RPEIWFAQELKRNGDEYNAYYAR,0,0,7.01,17.78,15.39,-1.4,2890.27
XG10,RPEIWYAQEIRRFGDEFNAYYAR,0,0,7.02,24.04,21.74,-1.12,2951.35
XD5,RPEIWYAQELRRNGDEFNAYYAR,0,0,7.02,18.26,15.78,-1.43,2918.28
XG12,RPEIWYAQELGRAGDEFNAYYAR,-1,-1,4.64,23.22,19.96,-1.02,2776.12
Bim-BH3YA2Aib,DMRPEIYI(Aib)QELRRIGDAFN(Aib)Y,-1,,4.6,27.36,23,0,2812.33
072RB,DMRPEIYI(Aib)QELRRIGDAFN(Aib)YRQIKIWFQNRRMKWKK,6,,11.05,21.92,23,0,5041.17
BIM  I86E,EWIAQELRRIGDEFNAYY,-2,-2,4.04,31.28,26.28,-0.82,2273.58
BIM  Q90E,IWIAEELRRIGDEFNAYY,-2,-2,4.04,37.83,32.33,-0.37,2258.61
BIM  F99E,IWIAQELRRIGDEENAYY,-2,-2,4.04,31.72,26.39,-0.72,2239.57
BIM  F99Q,IWIAQELRRIGDEQNAYY,-1,-1,4.43,30.28,27.56,-0.72,2238.59
BIM   I95A,IWIAQELRRAGDEFNAYY,-1,-1,4.43,33.44,30.28,-0.52,2215.54
BIM  Y103K,IWIAQELRRIGDEFNAYK,0,0,7.04,31.61,28.72,-0.52,2222.63
BIM  mutant 1,EWIAEELRRIGDEENAYY,-4,-4,3.67,28.06,18,-1.17,2256.5
BIM  mutant 2,IWIAQELRRAGDEFNAYK,0,0,7.04,28.67,25.5,-0.67,2180.54
BIM  WAA,LWAAIRIAQELRRIGDEFNE,-1,-1,4.64,34.3,28.65,-0.33,2400.83
BIM EL - I146Y,LRPEIRYAQELRRIGDEFNE,-1,-1,4.76,19.65,13.35,-1.23,2504.89
BIM EL -Q148R,LRPEIRIARELRRIGDEFNE,0,0,7.3,21.8,14.95,-0.99,2482.93
BIM EL -I153M,LRPEIRIAQELRRMGDEFNE,-1,0,4.76,20.9,13.9,-1.07,2472.91
BIM EL  -I146Y-Q148R,LRPEIRYARELRRIGDEFNE,0,0,7.16,19.25,13.15,-1.28,2532.94
BIM EL I146Y-I153M,LRPEIRYAQELRRMGDEFNE,-1,-1,4.76,18.35,12.1,-1.36,2522.92
BIM EL-CTS,PQMVILQLLRFIFRLVWRRH,4.11,5,12.97,43.6,50.05,0.47,2622.4
BIM EL- I181E,PQMVELQLLRFIFRLVWRRH,3.11,4,12.49,39,43.55,0.07,2638.35
BIM EL-L185E,PQMVILQLERFIFRLVWRRH,3.11,4,12.49,39,43.5,0.11,2638.35
BIM EL- I188E,PQMVILQLLRFEFRLVWRRH,3.11,4,12.49,39,43.55,0.07,2638.35
BIM EL -V192E,PQMVILQLLRFIFRLEWRRH,3.11,4,12.49,40.05,44.7,0.09,2652.38
BIM EL -CST-2A (R186A-R190A),PQMVILQLLAFIFALVWRRH,2.11,3,12.49,50.9,55.55,1.1,2452.18
BIM SM-1,IWIAQELRRIGDEFNA,-1,-1,4.41,34.81,29.81,-0.26,1972.33
BIM SM-2,IWIAQELRRIGDEF,-1,-1,4.41,39.36,34.07,-0.17,1787.14
BIM SM-3,IAQELRRIGDEFNA,-1,-1,4.41,26.64,20.07,-0.55,1672.94
BIM SM-4,WIAQELRRIGDEFN,-1,-1,4.41,29.29,24.07,-0.74,1788.08
BIM SM-5,IAQELRRIGDEF,-1,-1,4.41,30.58,23.42,-0.5,1487.75
BIM SM-6,IAQELRRIGDEF,-1,-1,4.41,30.58,23.42,-0.5,1684.12
BIM SM-7,IAQELRRIGDEF,-1,-1,4.41,30.58,23.42,-0.5,1725.71
BIM FD1,RPEIWLAQYLRRLGDQINAYYAR,2,2,10.05,27.61,28.61,-0.72,2866.4
BIM FD2,RPEIWMAQVLRRFGDLLNAYYAR,2,2,10.4,32.57,32.74,-0.32,2839.43
BIM FA1,RPEIWIAQELRRAGDVLNAYYAR,1,1,9.62,27.74,25.7,-0.57,2761.25
BIM FW1,RPEIWIAQGLRRIGDTWNAYYAR,2,2,10.4,26.13,26.7,-0.73,2806.3
BIM I2dA,MRPEIWAAQELRRIGDEFNAYYAR,0,0,7.06,26.38,23.12,-0.83,2956.44
BIM I2dY,MRPEIWYAQELRRIGDEFNAYYAR,0,0,7.02,26.46,24.04,-0.95,3048.54
BIM F4aE,MRPEIWIAQELRRIGDEENAYYAR,-1,-1,4.76,25.08,20.21,-0.98,2980.47
BIM I3dF,MRPEIWIAQELRRFGDEFNAYYAR,0,0,7.06,28.25,25.46,-0.78,3032.54
BIM E3gK,MRPEIWIAQELRRIGDKFNAYYAR,2,2,10.17,26.71,25.88,-0.73,2997.59
"BIM BH3 (I155R, E158S)",EIWIAQELRRRGDSFNAYYAR,1,1,9.62,25.86,24.38,-0.91,2615
"p-BIM BH3 (I155R, E158S)",EIWIAQELRRRGDpSFNAYYAR      ‘pS’ stands for the phosphorylated serine,1,,9.62,25.86,24.38,0,2782.06
"BIM BH3 (I155R, E158A)",EIWIAQELRRRGDAFNAYYAR,1,1,9.62,28.43,26.57,-0.79,2766.06
"BIM BH3 (R154S, I155R, E158S)",EIWIAQELRSRGDSFNAYYAR,0,0,7.02,26.76,24.81,-0.74,2712.95
"p-BIM BH3 (R154S, I155R, E158S)",EIWIAQELRSRGDpSFNAYYAR    ‘pS’ stands for the phosphorylated serine,0,,7.02,26.76,24.81,0,2880.01
BIM BH3 (E158S),EIWIAQELRRIGDSFNAYYAR,0,0,7.02,31.86,29.76,-0.49,2906.1
BIM XXA1,RPEIWYAQGLKRFGDEFNAYYAR,1,1,9.36,23.22,22.74,-0.99,2851.28
BIM XXA4,RPEIWYAQWLKRFGDQFNAYYAR,2,2,9.93,25.74,27.87,-1.01,2979.46
BIM XXA1 Y2dI,RPEIWIAQGLKRFGDEFNAYYAR,1,1,9.52,25.43,24.3,-0.74,2801.27
BIM XXA1 G2gE,RPEIWYAQELKRFGDEFNAYYAR,0,0,7.01,23.57,21.39,-1.13,2923.34
BIM XXA1 K3bR,RPEIWYAQGLRRFGDEFNAYYAR,1,1,9.43,23.7,23.13,-1.02,2879.29
BIM XXA1 F3dI,RPEIWYAQGLKRIGDEFNAYYAR,1,1,9.36,23.57,22.83,-0.92,2817.27
BIM XXA1 Y4eK,RPEIWYAQGLKRFGDEFNAYKAR,2,2,10.04,19.48,19,-1.1,2816.28
BIM Y4eK- 18,IWYAQGLKRFGDEFNAYK,1,1,9.44,27.28,27.83,-0.73,2206.58
BIM Y4eK- 21,RPEIWYAQGLKRFGDEFNAYK,1,1,9.44,20.33,19.52,-1.08,2589.01
PUMA BH3,EQWAREIGAQLRRMADDLNA,-1,-1,4.6,23.55,17.95,-0.91,2343.7
Hrk,WSSAAQLTAARLKALGDELHQ,0.11,1,7.99,27,27.14,-0.24,2266.65
Bim I2dD,MRPEIWDAQELRRIGDEFNAYYARRV,0,0,7.08,23.88,20.04,-0.98,3255.78
Bim I2dE,MRPEIWEAQELRRIGDEFNAYYARRV,0,0,7.09,24.88,20.96,-0.98,3269.81
Bim I2dK,MRPEIWKAQELRRIGDEFNAYYARRV,2,2,10.17,23.15,21.27,-0.99,3268.87
Bim I2dR,MRPEIWRAQELRRIGDEFNAYYARRV,2,2,10.38,23.58,21.62,-1.02,3296.88
Bim I2dH,MRPEIWHAQELRRIGDEFNAYYARRV,1.11,2,9.62,22.96,22.46,-0.97,3277.84
Bim I2dN,MRPEIWNAQELRRIGDEFNAYYARRV,1,1,9.62,23,20.58,-0.98,3254.8
Bim I2dQ,MRPEIWQAQELRRIGDEFNAYYARRV,1,1,9.62,23.88,21.77,-0.98,3268.83
Bim I2dS,MRPEIWSAQELRRIGDEFNAYYARRV,1,1,9.62,24.31,21.96,-0.87,3227.77
Bim I2dT,MRPEIWTAQELRRIGDEFNAYYARRV,1,1,9.62,25.08,22.65,-0.87,3241.8
Bim I2dP,MRPEIWPAQELRRIGDEFNAYYARRV,1,1,9.62,22.81,20.38,-0.9,3237.81
Bim I2dG,MRPEIWGAQELRRIGDEFNAYYARRV,1,1,9.62,24.58,22.15,-0.86,3197.75
Bim I2dA,MRPEIWAAQELRRIGDEFNAYYARRV,1,1,9.62,26.38,23.73,-0.77,3211.77
Bim I2dV,MRPEIWVAQELRRIGDEFNAYYARRV,1,1,9.62,27.62,25.08,-0.68,3239.83
Bim I2dL,MRPEIWLAQELRRIGDEFNAYYARRV,1,1,9.62,28.42,26,-0.7,3253.86
Bim I2dF,MRPEIWFAQELRRIGDEFNAYYARRV,1,1,9.62,28.12,25.88,-0.73,3287.87
Bim I2dY,MRPEIWYAQELRRIGDEFNAYYARRV,1,1,9.42,26.46,24.58,-0.89,3303.87
Bim I2dW,MRPEIWWAQELRRIGDEFNAYYARRV,1,1,9.62,27.81,25.88,-0.88,3326.91
Bim A2eD,MRPEIWIDQELRRIGDEFNAYYARRV,0,0,7.08,25.92,22.27,-0.87,3297.87
Bim A2eE,MRPEIWIEQELRRIGDEFNAYYARRV,0,0,7.09,26.92,23.19,-0.87,3311.9
Bim A2eK,MRPEIWIKQELRRIGDEFNAYYARRV,2,2,10.17,25.19,23.5,-0.89,3310.96
Bim A2eR,MRPEIWIRQELRRIGDEFNAYYARRV,2,2,10.38,25.62,23.85,-0.91,3338.97
Bim A2eH,MRPEIWIHQELRRIGDEFNAYYARRV,1.11,2,9.62,25,24.69,-0.86,3319.93
Bim A2eN,MRPEIWINQELRRIGDEFNAYYARRV,1,1,9.62,25.04,22.81,-0.87,3296.89
Bim A2eQ,MRPEIWIQQELRRIGDEFNAYYARRV,1,1,9.62,25.92,24,-0.87,3310.92
Bim A2eS,MRPEIWISQELRRIGDEFNAYYARRV,1,1,9.62,26.35,24.19,-0.77,3269.86
Bim A2eT,MRPEIWITQELRRIGDEFNAYYARRV,1,1,9.62,27.12,24.88,-0.77,3283.89
Bim A2eP,MRPEIWIPQELRRIGDEFNAYYARRV,1,1,9.62,24.85,22.62,-0.8,3279.9
Bim A2eG,MRPEIWIGQELRRIGDEFNAYYARRV,1,1,9.62,26.62,24.38,-0.75,3239.84
Bim A2eV,MRPEIWIVQELRRIGDEFNAYYARRV,1,1,9.62,29.65,27.31,-0.58,3281.92
Bim A2eI,MRPEIWIIQELRRIGDEFNAYYARRV,1,1,9.62,30.46,28.19,-0.57,3295.95
Bim A2eL,MRPEIWILQELRRIGDEFNAYYARRV,1,1,9.62,30.46,28.23,-0.59,3295.95
Bim A2eF,MRPEIWIFQELRRIGDEFNAYYARRV,1,1,9.62,30.15,28.12,-0.63,3329.96
Bim A2eY,MRPEIWIYQELRRIGDEFNAYYARRV,1,1,9.42,28.5,26.81,-0.79,3345.96
Bim A2eW,MRPEIWIWQELRRIGDEFNAYYARRV,1,1,9.62,29.85,28.12,-0.77,3369
Bim E2gD,MRPEIWIAQDLRRIGDEFNAYYARRV,1,1,9.62,27.42,25.04,-0.67,3239.83
Bim E2gK,MRPEIWIAQKLRRIGDEFNAYYARRV,3,3,10.69,26.69,26.27,-0.68,3252.92
Bim E2gR,MRPEIWIAQRLRRIGDEFNAYYARRV,3,3,11.07,27.12,26.62,-0.71,3280.93
Bim E2gH,MRPEIWIAQHLRRIGDEFNAYYARRV,2.11,3,10.39,26.5,27.46,-0.66,3261.89
Bim E2gN,MRPEIWIAQNLRRIGDEFNAYYARRV,2,2,10.39,26.54,25.58,-0.67,3238.85
Bim E2gQ,MRPEIWIAQQLRRIGDEFNAYYARRV,2,2,10.39,27.42,26.77,-0.67,3252.88
Bim E2gS,MRPEIWIAQSLRRIGDEFNAYYARRV,2,2,10.39,27.85,26.96,-0.57,3211.82
Bim E2gT,MRPEIWIAQTLRRIGDEFNAYYARRV,2,2,10.39,28.62,27.65,-0.56,3225.85
Bim E2gP,MRPEIWIAQPLRRIGDEFNAYYARRV,2,2,10.39,26.35,25.38,-0.6,3221.86
Bim E2gG,MRPEIWIAQGLRRIGDEFNAYYARRV,2,2,10.39,28.12,27.15,-0.55,3181.8
Bim E2gA,MRPEIWIAQALRRIGDEFNAYYARRV,2,2,10.39,29.92,28.73,-0.47,3195.82
Bim EgV,MRPEIWIAQVLRRIGDEFNAYYARRV,2,2,10.39,31.15,30.08,-0.37,3223.88
Bim E2gI,MRPEIWIAQILRRIGDEFNAYYARRV,2,2,10.39,31.96,30.96,-0.36,3237.91
Bim E2gL,MRPEIWIAQLLRRIGDEFNAYYARRV,2,2,10.39,31.96,31,-0.39,3237.91
Bim E2gF,MRPEIWIAQFLRRIGDEFNAYYARRV,2,2,10.39,31.65,30.88,-0.43,3271.92
Bim E2gY,MRPEIWIAQYLRRIGDEFNAYYARRV,2,2,10.05,30,29.58,-0.58,3287.92
Bim E2gW,MRPEIWIAQWLRRIGDEFNAYYARRV,2,2,10.39,31.35,30.88,-0.57,3310.96
Bim L3aD,MRPEIWIAQEDRRIGDEFNAYYARRV,0,0,7.08,23.88,20,-0.95,3255.78
Bim L3aE,MRPEIWIAQEERRIGDEFNAYYARRV,0,0,7.09,24.88,20.92,-0.95,3269.81
Bim L3aK,MRPEIWIAQEKRRIGDEFNAYYARRV,2,2,10.17,23.15,21.23,-0.97,3268.87
Bim L3aR,MRPEIWIAQERRRIGDEFNAYYARRV,2,2,10.38,23.58,21.58,-0.99,3296.88
Bim L3aH,MRPEIWIAQEHRRIGDEFNAYYARRV,1.11,2,9.62,22.96,22.42,-0.94,3277.84
Bim L3aN,MRPEIWIAQENRRIGDEFNAYYARRV,1,1,9.62,23,20.54,-0.95,3254.8
Bim L3aQ,MRPEIWIAQEQRRIGDEFNAYYARRV,1,1,9.62,23.88,21.73,-0.95,3268.83
Bim L3aS,MRPEIWIAQESRRIGDEFNAYYARRV,1,1,9.62,24.31,21.92,-0.85,3227.77
Bim L3aT,MRPEIWIAQETRRIGDEFNAYYARRV,1,1,9.62,25.08,22.62,-0.84,3241.8
Bim L3aP,MRPEIWIAQEPRRIGDEFNAYYARRV,1,1,9.62,22.81,20.35,-0.88,3237.81
Bim L3aG,MRPEIWIAQEGRRIGDEFNAYYARRV,1,1,9.62,24.58,22.12,-0.83,3197.75
Bim L3aA,MRPEIWIAQEARRIGDEFNAYYARRV,1,1,9.62,26.38,23.69,-0.75,3211.77
Bim L3aV,MRPEIWIAQEVRRIGDEFNAYYARRV,1,1,9.62,27.62,25.04,-0.65,3239.83
Bim L3aI,MRPEIWIAQEIRRIGDEFNAYYARRV,1,1,9.62,28.42,25.92,-0.64,3253.86
Bim L3aF,MRPEIWIAQEFRRIGDEFNAYYARRV,1,1,9.62,28.12,25.85,-0.71,3287.87
Bim L3aY,MRPEIWIAQEYRRIGDEFNAYYARRV,1,1,9.42,26.46,24.54,-0.87,3303.87
Bim L3aW,MRPEIWIAQEWRRIGDEFNAYYARRV,1,1,9.62,27.81,25.85,-0.85,3326.91
Bim R3bD,MRPEIWIAQELDRIGDEFNAYYARRV,-1,-1,4.74,28.73,24.38,-0.63,3212.76
Bim R3bE,MRPEIWIAQELERIGDEFNAYYARRV,-1,-1,4.76,29.73,25.31,-0.63,3226.79
Bim R3bK,MRPEIWIAQELKRIGDEFNAYYARRV,1,1,9.52,28,25.62,-0.65,3225.85
Bim R3bH,MRPEIWIAQELHRIGDEFNAYYARRV,0.11,1,7.89,27.81,26.81,-0.62,3234.82
Bim R3bN,MRPEIWIAQELNRIGDEFNAYYARRV,0,0,7.06,27.85,24.92,-0.63,3211.78
Bim R3bQ,MRPEIWIAQELQRIGDEFNAYYARRV,0,0,7.06,28.73,26.12,-0.63,3225.81
Bim R3bS,MRPEIWIAQELSRIGDEFNAYYARRV,0,0,7.06,29.15,26.31,-0.53,3184.75
Bim R3bT,MRPEIWIAQELTRIGDEFNAYYARRV,0,0,7.06,29.92,27,-0.52,3198.78
Bim R3bP,MRPEIWIAQELPRIGDEFNAYYARRV,0,0,7.06,27.65,24.73,-0.56,3194.79
Bim R3bG,MRPEIWIAQELGRIGDEFNAYYARRV,0,0,7.06,29.42,26.5,-0.51,3154.73
Bim R3bA,MRPEIWIAQELARIGDEFNAYYARRV,0,0,7.06,31.23,28.08,-0.43,3168.75
Bim R3bV,MRPEIWIAQELVRIGDEFNAYYARRV,0,0,7.06,32.46,29.42,-0.33,3196.81
Bim R3bI,MRPEIWIAQELIRIGDEFNAYYARRV,0,0,7.06,34.96,32,-0.32,3309.98
Bim R3bL,MRPEIWIAQELLRIGDEFNAYYARRV,0,0,7.06,33.27,30.35,-0.35,3210.84
Bim R3bF,MRPEIWIAQELFRIGDEFNAYYARRV,0,0,7.06,32.96,30.23,-0.39,3244.85
Bim R3bY,MRPEIWIAQELYRIGDEFNAYYARRV,0,0,7.02,31.31,28.92,-0.55,3260.85
Bim R3bW,MRPEIWIAQELWRIGDEFNAYYARRV,0,0,7.06,32.65,30.23,-0.53,3283.89
Bim I3dD,MRPEIWIAQELRRDGDEFNAYYARRV,0,0,7.08,23.88,20.04,-0.98,3255.78
Bim I3dE,MRPEIWIAQELRREGDEFNAYYARRV,0,0,7.09,24.88,20.96,-0.98,3269.81
Bim I3dK,MRPEIWIAQELRRKGDEFNAYYARRV,2,2,10.17,23.15,21.27,-0.99,3268.87
Bim I3dR,MRPEIWIAQELRRRGDEFNAYYARRV,2,2,10.38,23.58,21.62,-1.02,3296.88
Bim I3dH,MRPEIWIAQELRRHGDEFNAYYARRV,1.11,2,9.62,22.96,22.46,-0.97,3277.84
Bim I3dN,MRPEIWIAQELRRNGDEFNAYYARRV,1,1,9.62,23,20.58,-0.98,3254.8
Bim I3dQ,MRPEIWIAQELRRQGDEFNAYYARRV,1,1,9.62,23.88,21.77,-0.98,3268.83
Bim I3dS,MRPEIWIAQELRRSGDEFNAYYARRV,1,1,9.62,24.31,21.96,-0.87,3227.77
Bim I3dT,MRPEIWIAQELRRTGDEFNAYYARRV,1,1,9.62,25.08,22.65,-0.87,3241.8
Bim I3dP,MRPEIWIAQELRRPGDEFNAYYARRV,1,1,9.62,22.81,20.38,-0.9,3237.81
Bim I3dG,MRPEIWIAQELRRGGDEFNAYYARRV,1,1,9.62,24.58,22.15,-0.86,3197.75
Bim I3dA,MRPEIWIAQELRRAGDEFNAYYARRV,1,1,9.62,26.38,23.73,-0.77,3211.77
Bim I3dV,MRPEIWIAQELRRVGDEFNAYYARRV,1,1,9.62,27.62,25.08,-0.68,3239.83
Bim I3dL,MRPEIWIAQELRRLGDEFNAYYARRV,1,1,9.62,28.42,26,-0.7,3253.86
Bim I3dF,MRPEIWIAQELRRFGDEFNAYYARRV,1,1,9.62,28.12,25.88,-0.73,3287.87
Bim I3dY,MRPEIWIAQELRRYGDEFNAYYARRV,1,1,9.42,26.46,24.58,-0.89,3303.87
Bim I3dW,MRPEIWIAQELRRWGDEFNAYYARRV,1,1,9.62,27.81,25.88,-0.88,3326.91
Bim G3eD,MRPEIWIAQELRRIDDEFNAYYARRV,0,0,7.08,27.73,23.85,-0.79,3311.89
Bim G3eE,MRPEIWIAQELRRIEDEFNAYYARRV,0,0,7.09,28.73,24.77,-0.79,3325.92
Bim G3eK,MRPEIWIAQELRRIKDEFNAYYARRV,2,2,10.17,27,25.08,-0.8,3324.98
Bim G3eR,MRPEIWIAQELRRIRDEFNAYYARRV,2,2,10.38,27.42,25.42,-0.83,3352.99
Bim G3eH,MRPEIWIAQELRRIHDEFNAYYARRV,1.11,2,9.62,26.81,26.27,-0.78,3333.95
Bim G3eN,MRPEIWIAQELRRINDEFNAYYARRV,1,1,9.62,26.85,24.38,-0.79,3310.91
Bim G3eQ,MRPEIWIAQELRRIQDEFNAYYARRV,1,1,9.62,27.73,25.58,-0.79,3324.94
Bim G3eS,MRPEIWIAQELRRISDEFNAYYARRV,1,1,9.62,28.15,25.77,-0.68,3283.88
Bim G3eT,MRPEIWIAQELRRITDEFNAYYARRV,1,1,9.62,28.92,26.46,-0.68,3297.91
Bim G3eP,MRPEIWIAQELRRIPDEFNAYYARRV,1,1,9.62,26.65,24.19,-0.72,3293.92
Bim G3eA,MRPEIWIAQELRRIADEFNAYYARRV,1,1,9.62,30.23,27.54,-0.58,3267.88
Bim G3eV,MRPEIWIAQELRRIVDEFNAYYARRV,1,1,9.62,31.46,28.88,-0.49,3295.94
Bim G3eI,MRPEIWIAQELRRIIDEFNAYYARRV,1,1,9.62,32.27,29.77,-0.48,3309.97
Bim G3eL,MRPEIWIAQELRRILDEFNAYYARRV,1,1,9.62,32.27,29.81,-0.51,3309.97
Bim G3eF,MRPEIWIAQELRRIFDEFNAYYARRV,1,1,9.62,31.96,29.69,-0.55,3343.98
Bim G3eY,MRPEIWIAQELRRIYDEFNAYYARRV,1,1,9.42,30.31,28.38,-0.7,3359.98
Bim G3eW,MRPEIWIAQELRRIWDEFNAYYARRV,1,1,9.62,31.65,29.69,-0.69,3383.02
Bim D3fE,MRPEIWIAQELRRIGEEFNAYYARRV,1,1,9.62,29.42,26.88,-0.67,3267.89
Bim D3fK,MRPEIWIAQELRRIGKEFNAYYARRV,3,3,10.69,27.69,27.19,-0.68,3266.95
Bim D3fR,MRPEIWIAQELRRIGREFNAYYARRV,3,3,11.07,28.12,27.54,-0.71,3294.96
Bim D3fH,MRPEIWIAQELRRIGHEFNAYYARRV,2.11,3,10.39,27.5,28.38,-0.66,3275.92
Bim D3fN,MRPEIWIAQELRRIGNEFNAYYARRV,2,2,10.39,27.54,26.5,-0.67,3252.88
Bim D3fQ,MRPEIWIAQELRRIGQEFNAYYARRV,2,2,10.39,28.42,27.69,-0.67,3266.91
Bim D3fS,MRPEIWIAQELRRIGSEFNAYYARRV,2,2,10.39,28.85,27.88,-0.57,3225.85
Bim D3fT,MRPEIWIAQELRRIGTEFNAYYARRV,2,2,10.39,29.62,28.58,-0.56,3239.88
Bim D3fP,MRPEIWIAQELRRIGPEFNAYYARRV,2,2,10.39,27.35,26.31,-0.6,3235.89
Bim D3fG,MRPEIWIAQELRRIGGEFNAYYARRV,2,2,10.39,29.12,28.08,-0.55,3195.83
Bim D3fA,MRPEIWIAQELRRIGAEFNAYYARRV,2,2,10.39,30.92,29.65,-0.47,3209.85
Bim D3fV,MRPEIWIAQELRRIGVEFNAYYARRV,2,2,10.39,32.15,31,-0.37,3237.91
Bim D3fI,MRPEIWIAQELRRIGIEFNAYYARRV,2,2,10.39,32.96,31.88,-0.36,3251.94
Bim D3fL,MRPEIWIAQELRRIGLEFNAYYARRV,2,2,10.39,32.96,31.92,-0.39,3251.94
Bim D3fF,MRPEIWIAQELRRIGFEFNAYYARRV,2,2,10.39,32.65,31.81,-0.43,3285.95
Bim D3fY,MRPEIWIAQELRRIGYEFNAYYARRV,2,2,10.05,31,30.5,-0.58,3301.95
Bim D3fW,MRPEIWIAQELRRIGWEFNAYYARRV,2,2,10.39,32.35,31.81,-0.57,3324.99
Bim E3gD,MRPEIWIAQELRRIGDDFNAYYARRV,1,1,9.62,27.42,25.04,-0.67,3239.83
Bim E3gK,MRPEIWIAQELRRIGDKFNAYYARRV,3,3,10.69,26.69,26.27,-0.68,3252.92
Bim E3gR,MRPEIWIAQELRRIGDRFNAYYARRV,3,3,11.07,27.12,26.62,-0.71,3280.93
Bim E3gH,MRPEIWIAQELRRIGDHFNAYYARRV,2.11,3,10.39,26.5,27.46,-0.66,3261.89
Bim E3gN,MRPEIWIAQELRRIGDNFNAYYARRV,2,2,10.39,26.54,25.58,-0.67,3238.85
Bim E3gQ,MRPEIWIAQELRRIGDQFNAYYARRV,2,2,10.39,27.42,26.77,-0.67,3252.88
Bim E3gS,MRPEIWIAQELRRIGDSFNAYYARRV,2,2,10.39,27.85,26.96,-0.57,3211.82
Bim E3gT,MRPEIWIAQELRRIGDTFNAYYARRV,2,2,10.39,28.62,27.65,-0.56,3225.85
Bim E3gP,MRPEIWIAQELRRIGDPFNAYYARRV,2,2,10.39,26.35,25.38,-0.6,3221.86
Bim E3gG,MRPEIWIAQELRRIGDGFNAYYARRV,2,2,10.39,28.12,27.15,-0.55,3181.8
Bim E3gA,MRPEIWIAQELRRIGDAFNAYYARRV,2,2,10.39,29.92,28.73,-0.47,3195.82
Bim E3gV,MRPEIWIAQELRRIGDVFNAYYARRV,2,2,10.39,31.15,30.08,-0.37,3223.88
Bim E3gI,MRPEIWIAQELRRIGDIFNAYYARRV,2,2,10.39,31.96,30.96,-0.36,3237.91
Bim E3gL,MRPEIWIAQELRRIGDLFNAYYARRV,2,2,10.39,31.96,31,-0.39,3237.91
Bim E3gF,MRPEIWIAQELRRIGDFFNAYYARRV,2,2,10.39,31.65,30.88,-0.43,3271.92
Bim E3gY,MRPEIWIAQELRRIGDYFNAYYARRV,2,2,10.05,30,29.58,-0.58,3287.92
Bim E3gW,MRPEIWIAQELRRIGDWFNAYYARRV,2,2,10.39,31.35,30.88,-0.57,3310.96
Bim F4aD,MRPEIWIAQELRRIGDEDNAYYARRV,0,0,7.08,24.19,20.12,-0.91,3221.77
Bim F4aE,MRPEIWIAQELRRIGDEENAYYARRV,0,0,7.09,25.19,21.04,-0.91,3235.8
Bim F4aK,MRPEIWIAQELRRIGDEKNAYYARRV,2,2,10.17,23.46,21.35,-0.93,3234.86
Bim F4aR,MRPEIWIAQELRRIGDERNAYYARRV,2,2,10.38,23.88,21.69,-0.95,3262.87
Bim F4aH,MRPEIWIAQELRRIGDEHNAYYARRV,1.11,2,9.62,23.27,22.54,-0.9,3243.83
Bim F4aN,MRPEIWIAQELRRIGDENNAYYARRV,1,1,9.62,23.31,20.65,-0.91,3220.79
Bim F4aQ,MRPEIWIAQELRRIGDEQNAYYARRV,1,1,9.62,24.19,21.85,-0.91,3234.82
Bim F4aS,MRPEIWIAQELRRIGDESNAYYARRV,1,1,9.62,24.62,22.04,-0.81,3193.76
Bim F4aT,MRPEIWIAQELRRIGDETNAYYARRV,1,1,9.62,25.38,22.73,-0.8,3207.79
Bim F4aP,MRPEIWIAQELRRIGDEPNAYYARRV,1,1,9.62,23.12,20.46,-0.84,3203.8
Bim F4aG,MRPEIWIAQELRRIGDEGNAYYARRV,1,1,9.62,24.88,22.23,-0.79,3163.74
Bim F4aA,MRPEIWIAQELRRIGDEANAYYARRV,1,1,9.62,26.69,23.81,-0.71,3177.76
Bim F4aV,MRPEIWIAQELRRIGDEVNAYYARRV,1,1,9.62,27.92,25.15,-0.62,3205.82
Bim F4aI,MRPEIWIAQELRRIGDEINAYYARRV,1,1,9.62,28.73,26.04,-0.6,3219.85
Bim F4aL,MRPEIWIAQELRRIGDELNAYYARRV,1,1,9.62,28.73,26.08,-0.63,3219.85
Bim F4aY,MRPEIWIAQELRRIGDEYNAYYARRV,1,1,9.42,26.77,24.65,-0.83,3269.86
Bim F4aW,MRPEIWIAQELRRIGDEWNAYYARRV,1,1,9.62,28.12,25.96,-0.81,3292.9
LIB5,MRPEIWIAQELRRFGDEVNAYYARRV,1,1,9.62,27.62,25.08,-0.68,3239.83
LIB6,MRPEIWIAQELRRFGDENNAYYARRV,1,1,9.62,23,20.58,-0.98,3254.8
LIB8,MRPEIWIAQELRRDGDEVNAYYARRV,0,0,7.08,23.38,19.23,-0.92,3207.74
LIB9,MRPEIWIAQELRRDGDENNAYYARRV,0,0,7.08,18.77,14.73,-1.22,3222.71
LIB10,MRPEIWIAQELRRNGDEFNAYYARRV,0,0,9.62,23,20.58,-0.98,3254.8
LIB11,MRPEIWIAQELRRNGDEVNAYYARRV,1,1,9.62,22.5,19.77,-0.92,3206.76
LIB12,MRPEIWIAQELRRNGDENNAYYARRV,1,1,9.62,17.88,15.27,-1.22,3221.73
LIB14,MRPEIWIAQELRRAGDEVNAYYARRV,1,1,9.62,25.88,22.92,-0.72,3163.73
LIB15,MRPEIWIAQELRRAGDENNAYYARRV,1,1,9.62,21.27,18.42,-1.02,3178.7
LIB17,MRPEIWIAQELDRIGDEVNAYYARRV,-1,-1,4.74,28.23,23.58,-0.58,3164.72
LIB18,MRPEIWIAQELDRIGDENNAYYARRV,-1,-1,4.74,23.62,19.08,-0.87,3179.69
LIB19,MRPEIWIAQELDRFGDEFNAYYARRV,-1,-1,4.74,28.42,24.31,-0.7,3246.77
LIB20,MRPEIWIAQELDRFGDEVNAYYARRV,-1,-1,4.74,27.92,23.5,-0.64,3198.73
LIB21,MRPEIWIAQELDRFGDENNAYYARRV,-1,-1,4.74,23.31,19,-0.94,3213.7
LIB22,MRPEIWIAQELDRDGDEFNAYYARRV,-2,-2,4.38,24.19,18.46,-0.94,3214.68
LIB23,MRPEIWIAQELDRDGDEVNAYYARRV,-2,-2,4.38,23.69,17.65,-0.88,3166.64
LIB24,MRPEIWIAQELDRDGDENNAYYARRV,-2,-2,4.38,19.08,13.15,-1.18,3181.61
LIB25,MRPEIWIAQELDRNGDEFNAYYARRV,-1,-1,4.74,23.31,19,-0.94,3213.7
LIB26,MRPEIWIAQELDRNGDEVNAYYARRV,-1,-1,4.74,22.81,18.19,-0.88,3165.66
LIB27,MRPEIWIAQELDRNGDENNAYYARRV,-1,-1,4.74,18.19,13.69,-1.18,3180.63
LIB28,MRPEIWIAQELDRAGDEFNAYYARRV,-1,-1,4.74,26.69,22.15,-0.73,3170.67
LIB29,MRPEIWIAQELDRAGDEVNAYYARRV,-1,-1,4.74,26.19,21.35,-0.68,3122.63
LIB30,MRPEIWIAQELDRAGDENNAYYARRV,-1,-1,4.74,21.58,16.85,-0.98,3137.6
LIB32,MRPEIWIAQEIRRIGDEVNAYYARRV,1,1,9.62,27.92,25.12,-0.59,3205.82
LIB33,MRPEIWIAQEIRRIGDENNAYYARRV,1,1,9.62,23.31,20.62,-0.88,3220.79
LIB34,MRPEIWIAQEIRRFGDEFNAYYARRV,1,1,9.62,28.12,25.85,-0.71,3287.87
LIB35,MRPEIWIAQEIRRFGDEVNAYYARRV,1,1,9.62,27.62,25.04,-0.65,3239.83
LIB36,MRPEIWIAQEIRRFGDENNAYYARRV,1,1,9.62,23,20.54,-0.95,3254.8
LIB37,MRPEIWIAQEIRRDGDEFNAYYARRV,0,0,7.08,23.88,20,-0.95,3255.78
LIB38,MRPEIWIAQEIRRDGDEVNAYYARRV,0,0,7.08,23.38,19.19,-0.9,3207.74
LIB39,MRPEIWIAQEIRRDGDENNAYYARRV,0,0,7.08,18.77,14.69,-1.19,3222.71
LIB40,MRPEIWIAQEIRRNGDEFNAYYARRV,1,1,9.62,23,20.54,-0.95,3254.8
LIB41,MRPEIWIAQEIRRNGDEVNAYYARRV,1,1,9.62,22.5,19.73,-0.9,3206.76
LIB42,MRPEIWIAQEIRRNGDENNAYYARRV,1,1,9.62,17.88,15.23,-1.19,3221.73
LIB43,MRPEIWIAQEIRRAGDEFNAYYARRV,1,1,9.62,26.38,23.69,-0.75,3211.77
LIB44,MRPEIWIAQEIRRAGDEVNAYYARRV,1,1,9.62,25.88,22.88,-0.69,3163.73
LIB45,MRPEIWIAQEIRRAGDENNAYYARRV,1,1,9.62,21.27,18.38,-0.99,3178.7
LIB46,MRPEIWIAQEIDRIGDEFNAYYARRV,-1,-1,4.74,28.73,24.35,-0.6,3212.76
LIB47,MRPEIWIAQEIDRIGDEVNAYYARRV,-1,-1,4.74,28.23,23.54,-0.55,3164.72
LIB48,MRPEIWIAQEIDRIGDENNAYYARRV,-1,-1,4.74,23.62,19.04,-0.85,3179.69
LIB49,MRPEIWIAQEIDRFGDEFNAYYARRV,-1,-1,4.74,28.42,24.27,-0.67,3246.77
LIB50,MRPEIWIAQEIDRFGDEVNAYYARRV,-1,-1,4.74,27.92,23.46,-0.62,3198.73
LIB51,MRPEIWIAQEIDRFGDENNAYYARRV,-1,-1,4.74,23.31,18.96,-0.91,3213.7
LIB52,MRPEIWIAQEIDRDGDEFNAYYARRV,-2,-2,4.38,24.19,18.42,-0.91,3214.68
LIB53,MRPEIWIAQEIDRDGDEVNAYYARRV,-2,-2,4.38,23.69,17.62,-0.86,3166.64
LIB54,MRPEIWIAQEIDRDGDENNAYYARRV,-2,-2,4.38,19.08,13.12,-1.15,3181.61
LIB55,MRPEIWIAQEIDRNGDEFNAYYARRV,-1,-1,4.74,23.31,18.96,-0.91,3213.7
LIB56,MRPEIWIAQEIDRNGDEVNAYYARRV,-1,-1,4.74,22.81,18.15,-0.86,3165.66
LIB57,MRPEIWIAQEIDRNGDENNAYYARRV,-1,-1,4.74,18.19,13.65,-1.15,3180.63
LIB58,MRPEIWIAQEIDRAGDEFNAYYARRV,-1,-1,4.74,26.69,22.12,-0.71,3170.67
LIB59,MRPEIWIAQEIDRAGDEVNAYYARRV,-1,-1,4.74,26.19,21.31,-0.65,3122.63
LIB60,MRPEIWIAQEIDRAGDENNAYYARRV,-1,-1,4.74,21.58,16.81,-0.95,3137.6
LIB62,MRPEIWIAQEFRRIGDEVNAYYARRV,1,1,9.62,27.62,25.04,-0.65,3239.83
LIB63,MRPEIWIAQEFRRIGDENNAYYARRV,1,1,9.62,23,20.54,-0.95,3254.8
LIB64,MRPEIWIAQEFRRFGDEFNAYYARRV,1,1,9.62,27.81,25.77,-0.77,3321.88
LIB65,MRPEIWIAQEFRRFGDEVNAYYARRV,1,1,9.62,27.31,24.96,-0.72,3273.84
LIB66,MRPEIWIAQEFRRFGDENNAYYARRV,1,1,9.62,22.69,20.46,-1.02,3288.81
LIB67,MRPEIWIAQEFRRDGDEFNAYYARRV,0,0,7.08,23.58,19.92,-1.02,3289.79
LIB68,MRPEIWIAQEFRRDGDEVNAYYARRV,0,0,7.08,23.08,19.12,-0.96,3241.75
LIB69,MRPEIWIAQEFRRDGDENNAYYARRV,0,0,7.08,18.46,14.62,-1.26,3256.72
LIB70,MRPEIWIAQEFRRNGDEFNAYYARRV,1,1,9.62,22.69,20.46,-1.02,3288.81
LIB71,MRPEIWIAQEFRRNGDEVNAYYARRV,1,1,9.62,22.19,19.65,-0.96,3240.77
LIB72,MRPEIWIAQEFRRNGDENNAYYARRV,1,1,9.62,17.58,15.15,-1.26,3255.74
LIB73,MRPEIWIAQEFRRAGDEFNAYYARRV,1,1,9.62,26.08,23.62,-0.81,3245.78
LIB74,MRPEIWIAQEFRRAGDEVNAYYARRV,1,1,9.62,25.58,22.81,-0.76,3197.74
LIB75,MRPEIWIAQEFRRAGDENNAYYARRV,1,1,9.62,20.96,18.31,-1.05,3212.71
LIB76,MRPEIWIAQEFDRIGDEFNAYYARRV,-1,-1,4.74,28.42,24.27,-0.67,3246.77
LIB77,MRPEIWIAQEFDRIGDEVNAYYARRV,-1,-1,4.74,27.92,23.46,-0.62,3198.73
LIB78,MRPEIWIAQEFDRIGDENNAYYARRV,-1,-1,4.74,23.31,18.96,-0.91,3213.7
LIB79,MRPEIWIAQEFDRFGDEFNAYYARRV,-1,-1,4.74,28.12,24.19,-0.73,3280.78
LIB80,MRPEIWIAQEFDRFGDEVNAYYARRV,-1,-1,4.74,27.62,23.38,-0.68,3232.74
LIB81,MRPEIWIAQEFDRFGDENNAYYARRV,-1,-1,4.74,23,18.88,-0.98,3247.71
LIB82,MRPEIWIAQEFDRDGDEFNAYYARRV,-2,-2,4.38,23.88,18.35,-0.98,3248.69
LIB83,MRPEIWIAQEFDRDGDEVNAYYARRV,-2,-2,4.38,23.38,17.54,-0.92,3200.65
LIB84,MRPEIWIAQEFDRDGDENNAYYARRV,-2,-2,4.38,18.77,13.04,-1.22,3215.62
LIB85,MRPEIWIAQEFDRNGDEFNAYYARRV,-1,-1,4.74,23,18.88,-0.98,3247.71
LIB86,MRPEIWIAQEFDRNGDEVNAYYARRV,-1,-1,4.74,22.5,18.08,-0.92,3199.67
LIB87,MRPEIWIAQEFDRNGDENNAYYARRV,-1,-1,4.74,17.88,13.58,-1.22,3214.64
LIB88,MRPEIWIAQEFDRAGDEFNAYYARRV,-1,-1,4.74,26.38,22.04,-0.77,3204.68
LIB89,MRPEIWIAQEFDRAGDEVNAYYARRV,-1,-1,4.74,25.88,21.23,-0.72,3156.64
LIB90,MRPEIWIAQEFDRAGDENNAYYARRV,-1,-1,4.74,21.27,16.73,-1.02,3171.61
LIB92,MRPEIWIAQEARRIGDEVNAYYARRV,1,1,9.62,25.88,22.88,-0.69,3163.73
LIB93,MRPEIWIAQEARRIGDENNAYYARRV,1,1,9.62,21.27,18.38,-0.99,3178.7
LIB94,MRPEIWIAQEARRFGDEFNAYYARRV,1,1,9.62,26.08,23.62,-0.81,3245.78
LIB95,MRPEIWIAQEARRFGDEVNAYYARRV,1,1,9.62,25.58,22.81,-0.76,3197.74
LIB96,MRPEIWIAQEARRFGDENNAYYARRV,1,1,9.62,20.96,18.31,-1.05,3212.71
LIB97,MRPEIWIAQEARRDGDEFNAYYARRV,0,0,7.08,21.85,17.77,-1.05,3213.69
LIB98,MRPEIWIAQEARRDGDEVNAYYARRV,0,0,7.08,21.35,16.96,-1,3165.65
LIB99,MRPEIWIAQEARRDGDENNAYYARRV,0,0,7.08,16.73,12.46,-1.3,3180.62
LIB100,MRPEIWIAQEARRNGDEFNAYYARRV,1,1,9.62,20.96,18.31,-1.05,3212.71
LIB101,MRPEIWIAQEARRNGDEVNAYYARRV,1,1,9.62,20.46,17.5,-1,3164.67
LIB102,MRPEIWIAQEARRNGDENNAYYARRV,1,1,9.62,15.85,13,-1.3,3179.64
LIB103,MRPEIWIAQEARRAGDEFNAYYARRV,1,1,9.62,24.35,21.46,-0.85,3169.68
LIB104,MRPEIWIAQEARRAGDEVNAYYARRV,1,1,9.62,23.85,20.65,-0.8,3121.64
LIB105,MRPEIWIAQEARRAGDENNAYYARRV,1,1,9.62,19.23,16.15,-1.09,3136.61
LIB106,MRPEIWIAQEADRIGDEFNAYYARRV,-1,-1,4.74,26.69,22.12,-0.71,3170.67
LIB107,MRPEIWIAQEADRIGDEVNAYYARRV,-1,-1,4.74,26.19,21.31,-0.65,3122.63
LIB108,MRPEIWIAQEADRIGDENNAYYARRV,-1,-1,4.74,21.58,16.81,-0.95,3137.6
LIB109,MRPEIWIAQEADRFGDEFNAYYARRV,-1,-1,4.74,26.38,22.04,-0.77,3204.68
LIB110,MRPEIWIAQEADRFGDEVNAYYARRV,-1,-1,4.74,25.88,21.23,-0.72,3156.64
LIB111,MRPEIWIAQEADRFGDENNAYYARRV,-1,-1,4.74,21.27,16.73,-1.02,3171.61
LIB112,MRPEIWIAQEADRDGDEFNAYYARRV,-2,-2,4.38,22.15,16.19,-1.02,3172.59
LIB113,MRPEIWIAQEADRDGDEVNAYYARRV,-2,-2,4.38,21.65,15.38,-0.96,3124.55
LIB114,MRPEIWIAQEADRDGDENNAYYARRV,-2,-2,4.38,17.04,10.88,-1.26,3139.52
LIB115,MRPEIWIAQEADRNGDEFNAYYARRV,-1,-1,4.74,21.27,16.73,-1.02,3171.61
LIB116,MRPEIWIAQEADRNGDEVNAYYARRV,-1,-1,4.74,20.77,15.92,-0.96,3123.57
LIB117,MRPEIWIAQEADRNGDENNAYYARRV,-1,-1,4.74,16.15,11.42,-1.26,3138.54
LIB118,MRPEIWIAQEADRAGDEFNAYYARRV,-1,-1,4.74,24.65,19.88,-0.81,3128.58
LIB119,MRPEIWIAQEADRAGDEVNAYYARRV,-1,-1,4.74,24.15,19.08,-0.76,3080.54
LIB120,MRPEIWIAQEADRAGDENNAYYARRV,-1,-1,4.74,19.54,14.58,-1.05,3095.51
LIB122,MRPEIWAAQELRRIGDEVNAYYARRV,1,1,9.62,25.88,22.92,-0.72,3163.73
LIB123,MRPEIWAAQELRRIGDENNAYYARRV,1,1,9.62,21.27,18.42,-1.02,3178.7
LIB124,MRPEIWAAQELRRFGDEFNAYYARRV,1,1,9.62,26.08,23.65,-0.84,3245.78
LIB125,MRPEIWAAQELRRFGDEVNAYYARRV,1,1,9.62,25.58,22.85,-0.78,3197.74
LIB126,MRPEIWAAQELRRFGDENNAYYARRV,1,1,9.62,20.96,18.35,-1.08,3212.71
LIB127,MRPEIWAAQELRRDGDEFNAYYARRV,0,0,7.08,21.85,17.81,-1.08,3213.69
LIB128,MRPEIWAAQELRRDGDEVNAYYARRV,0,0,7.08,21.35,17,-1.03,3165.65
LIB129,MRPEIWAAQELRRDGDENNAYYARRV,0,0,7.08,16.73,12.5,-1.32,3180.62
LIB130,MRPEIWAAQELRRNGDEFNAYYARRV,1,1,9.62,20.96,18.35,-1.08,3212.71
LIB131,MRPEIWAAQELRRNGDEVNAYYARRV,1,1,9.62,20.46,17.54,-1.03,3164.67
LIB132,MRPEIWAAQELRRNGDENNAYYARRV,1,1,9.62,15.85,13.04,-1.32,3179.64
LIB133,MRPEIWAAQELRRAGDEFNAYYARRV,1,1,9.62,24.35,21.5,-0.88,3169.68
LIB134,MRPEIWAAQELRRAGDEVNAYYARRV,1,1,9.62,23.85,20.69,-0.82,3121.64
LIB135,MRPEIWAAQELRRAGDENNAYYARRV,1,1,9.62,19.23,16.19,-1.12,3136.61
LIB136,MRPEIWAAQELDRIGDEFNAYYARRV,-1,-1,4.74,26.69,22.15,-0.73,3170.67
LIB137,MRPEIWAAQELDRIGDEVNAYYARRV,-1,-1,4.74,26.19,21.35,-0.68,3122.63
LIB138,MRPEIWAAQELDRIGDENNAYYARRV,-1,-1,4.74,21.58,16.85,-0.98,3137.6
LIB139,MRPEIWAAQELDRFGDEFNAYYARRV,-1,-1,4.74,26.38,22.08,-0.8,3204.68
LIB140,MRPEIWAAQELDRFGDEVNAYYARRV,-1,-1,4.74,25.88,21.27,-0.75,3156.64
LIB141,MRPEIWAAQELDRFGDENNAYYARRV,-1,-1,4.74,21.27,16.77,-1.04,3171.61
LIB142,MRPEIWAAQELDRDGDEFNAYYARRV,-2,-2,4.38,22.15,16.23,-1.04,3172.59
LIB143,MRPEIWAAQELDRDGDEVNAYYARRV,-2,-2,4.38,21.65,15.42,-0.99,3124.55
LIB144,MRPEIWAAQELDRDGDENNAYYARRV,-2,-2,4.38,17.04,10.92,-1.28,3139.52
LIB145,MRPEIWAAQELDRNGDEFNAYYARRV,-1,-1,4.74,21.27,16.77,-1.04,3171.61
LIB146,MRPEIWAAQELDRNGDEVNAYYARRV,-1,-1,4.74,20.77,15.96,-0.99,3123.57
LIB147,MRPEIWAAQELDRNGDENNAYYARRV,-1,-1,4.74,16.15,11.46,-1.28,3138.54
LIB148,MRPEIWAAQELDRAGDEFNAYYARRV,-1,-1,4.74,24.65,19.92,-0.84,3128.58
LIB149,MRPEIWAAQELDRAGDEVNAYYARRV,-1,-1,4.74,24.15,19.12,-0.78,3080.54
LIB150,MRPEIWAAQELDRAGDENNAYYARRV,-1,-1,4.74,19.54,14.62,-1.08,3095.51
LIB151,MRPEIWAAQEIRRIGDEFNAYYARRV,1,1,9.62,26.38,23.69,-0.75,3211.77
LIB152,MRPEIWAAQEIRRIGDEVNAYYARRV,1,1,9.62,25.88,22.88,-0.69,3163.73
LIB153,MRPEIWAAQEIRRIGDENNAYYARRV,1,1,9.62,21.27,18.38,-0.99,3178.7
LIB154,MRPEIWAAQEIRRFGDEFNAYYARRV,1,1,9.62,26.08,23.62,-0.81,3245.78
LIB155,MRPEIWAAQEIRRFGDEVNAYYARRV,1,1,9.62,25.58,22.81,-0.76,3197.74
LIB156,MRPEIWAAQEIRRFGDENNAYYARRV,1,1,9.62,20.96,18.31,-1.05,3212.71
LIB157,MRPEIWAAQEIRRDGDEFNAYYARRV,0,0,7.08,21.85,17.77,-1.05,3213.69
LIB158,MRPEIWAAQEIRRDGDEVNAYYARRV,0,0,7.08,21.35,16.96,-1,3165.65
LIB159,MRPEIWAAQEIRRDGDENNAYYARRV,0,0,7.08,16.73,12.46,-1.3,3180.62
LIB160,MRPEIWAAQEIRRNGDEFNAYYARRV,1,1,9.62,20.96,18.31,-1.05,3212.71
LIB161,MRPEIWAAQEIRRNGDEVNAYYARRV,1,1,9.62,20.46,17.5,-1,3164.67
LIB162,MRPEIWAAQEIRRNGDENNAYYARRV,1,1,9.62,15.85,13,-1.3,3179.64
LIB163,MRPEIWAAQEIRRAGDEFNAYYARRV,1,1,9.62,24.35,21.46,-0.85,3169.68
LIB164,MRPEIWAAQEIRRAGDEVNAYYARRV,1,1,9.62,23.85,20.65,-0.8,3121.64
LIB165,MRPEIWAAQEIRRAGDENNAYYARRV,1,1,9.62,19.23,16.15,-1.09,3136.61
LIB166,MRPEIWAAQEIDRIGDEFNAYYARRV,-1,-1,4.74,26.69,22.12,-0.71,3170.67
LIB167,MRPEIWAAQEIDRIGDEVNAYYARRV,-1,-1,4.74,26.19,21.31,-0.65,3122.63
LIB168,MRPEIWAAQEIDRIGDENNAYYARRV,-1,-1,4.74,21.58,16.81,-0.95,3137.6
LIB169,MRPEIWAAQEIDRFGDEFNAYYARRV,-1,-1,4.74,26.38,22.04,-0.77,3204.68
LIB170,MRPEIWAAQEIDRFGDEVNAYYARRV,-1,-1,4.74,25.88,21.23,-0.72,3156.64
LIB171,MRPEIWAAQEIDRFGDENNAYYARRV,-1,-1,4.74,21.27,16.73,-1.02,3171.61
LIB172,MRPEIWAAQEIDRDGDEFNAYYARRV,-2,-2,4.38,22.15,16.19,-1.02,3172.59
LIB173,MRPEIWAAQEIDRDGDEVNAYYARRV,-2,-2,4.38,21.65,15.38,-0.96,3124.55
LIB174,MRPEIWAAQEIDRDGDENNAYYARRV,-2,-2,4.38,17.04,10.88,-1.26,3139.52
LIB175,MRPEIWAAQEIDRNGDEFNAYYARRV,-1,-1,4.74,21.27,16.73,-1.02,3171.61
LIB176,MRPEIWAAQEIDRNGDEVNAYYARRV,-1,-1,4.74,20.77,15.92,-0.96,3123.57
LIB177,MRPEIWAAQEIDRNGDENNAYYARRV,-1,-1,4.74,16.15,11.42,-1.26,3138.54
LIB178,MRPEIWAAQEIDRAGDEFNAYYARRV,-1,-1,4.74,24.65,19.88,-0.81,3128.58
LIB179,MRPEIWAAQEIDRAGDEVNAYYARRV,-1,-1,4.74,24.15,19.08,-0.76,3080.54
LIB180,MRPEIWAAQEIDRAGDENNAYYARRV,-1,-1,4.74,19.54,14.58,-1.05,3095.51
LIB181,MRPEIWAAQEFRRIGDEFNAYYARRV,1,1,9.62,26.08,23.62,-0.81,3245.78
LIB182,MRPEIWAAQEFRRIGDEVNAYYARRV,1,1,9.62,25.58,22.81,-0.76,3197.74
LIB183,MRPEIWAAQEFRRIGDENNAYYARRV,1,1,9.62,20.96,18.31,-1.05,3212.71
LIB184,MRPEIWAAQEFRRFGDEFNAYYARRV,1,1,9.62,25.77,23.54,-0.88,3279.79
LIB185,MRPEIWAAQEFRRFGDEVNAYYARRV,1,1,9.62,25.27,22.73,-0.82,3231.75
LIB186,MRPEIWAAQEFRRFGDENNAYYARRV,1,1,9.62,20.65,18.23,-1.12,3246.72
LIB187,MRPEIWAAQEFRRDGDEFNAYYARRV,0,0,7.08,21.54,17.69,-1.12,3247.7
LIB188,MRPEIWAAQEFRRDGDEVNAYYARRV,0,0,7.08,21.04,16.88,-1.07,3199.66
LIB189,MRPEIWAAQEFRRDGDENNAYYARRV,0,0,7.08,16.42,12.38,-1.36,3214.63
LIB190,MRPEIWAAQEFRRNGDEFNAYYARRV,1,1,9.62,20.65,18.23,-1.12,3246.72
LIB191,MRPEIWAAQEFRRNGDEVNAYYARRV,1,1,9.62,20.15,17.42,-1.07,3198.68
LIB192,MRPEIWAAQEFRRNGDENNAYYARRV,1,1,9.62,15.54,12.92,-1.36,3213.65
LIB193,MRPEIWAAQEFRRAGDEFNAYYARRV,1,1,9.62,24.04,21.38,-0.92,3203.69
LIB194,MRPEIWAAQEFRRAGDEVNAYYARRV,1,1,9.62,23.54,20.58,-0.86,3155.65
LIB195,MRPEIWAAQEFRRAGDENNAYYARRV,1,1,9.62,18.92,16.08,-1.16,3170.62
LIB196,MRPEIWAAQEFDRIGDEFNAYYARRV,-1,-1,4.74,26.38,22.04,-0.77,3204.68
LIB197,MRPEIWAAQEFDRIGDEVNAYYARRV,-1,-1,4.74,25.88,21.23,-0.72,3156.64
LIB198,MRPEIWAAQEFDRIGDENNAYYARRV,-1,-1,4.74,21.27,16.73,-1.02,3171.61
LIB199,MRPEIWAAQEFDRFGDEFNAYYARRV,-1,-1,4.74,26.08,21.96,-0.84,3238.69
LIB200,MRPEIWAAQEFDRFGDEVNAYYARRV,-1,-1,4.74,25.58,21.15,-0.78,3190.65
LIB201,MRPEIWAAQEFDRFGDENNAYYARRV,-1,-1,4.74,20.96,16.65,-1.08,3205.62
LIB202,MRPEIWAAQEFDRDGDEFNAYYARRV,-2,-2,4.38,21.85,16.12,-1.08,3206.6
LIB203,MRPEIWAAQEFDRDGDEVNAYYARRV,-2,-2,4.38,21.35,15.31,-1.03,3158.56
LIB204,MRPEIWAAQEFDRDGDENNAYYARRV,-2,-2,4.38,16.73,10.81,-1.32,3173.53
LIB205,MRPEIWAAQEFDRNGDEFNAYYARRV,-1,-1,4.74,20.96,16.65,-1.08,3205.62
LIB206,MRPEIWAAQEFDRNGDEVNAYYARRV,-1,-1,4.74,20.46,15.85,-1.03,3157.58
LIB207,MRPEIWAAQEFDRNGDENNAYYARRV,-1,-1,4.74,15.85,11.35,-1.32,3172.55
LIB208,MRPEIWAAQEFDRAGDEFNAYYARRV,-1,-1,4.74,24.35,19.81,-0.88,3162.59
LIB209,MRPEIWAAQEFDRAGDEVNAYYARRV,-1,-1,4.74,23.85,19,-0.82,3114.55
LIB210,MRPEIWAAQEFDRAGDENNAYYARRV,-1,-1,4.74,19.23,14.5,-1.12,3129.52
LIB211,MRPEIWAAQEARRIGDEFNAYYARRV,1,1,9.62,24.35,21.46,-0.85,3169.68
LIB212,MRPEIWAAQEARRIGDEVNAYYARRV,1,1,9.62,23.85,20.65,-0.8,3121.64
LIB213,MRPEIWAAQEARRIGDENNAYYARRV,1,1,9.62,19.23,16.15,-1.09,3136.61
LIB214,MRPEIWAAQEARRFGDEFNAYYARRV,1,1,9.62,24.04,21.38,-0.92,3203.69
LIB215,MRPEIWAAQEARRFGDEVNAYYARRV,1,1,9.62,23.54,20.58,-0.86,3155.65
LIB216,MRPEIWAAQEARRFGDENNAYYARRV,1,1,9.62,18.92,16.08,-1.16,3170.62
LIB217,MRPEIWAAQEARRDGDEFNAYYARRV,0,0,7.08,19.81,15.54,-1.16,3171.6
LIB218,MRPEIWAAQEARRDGDEVNAYYARRV,0,0,7.08,19.31,14.73,-1.1,3123.56
LIB219,MRPEIWAAQEARRDGDENNAYYARRV,0,0,7.08,14.69,10.23,-1.4,3138.53
LIB220,MRPEIWAAQEARRNGDEFNAYYARRV,1,1,9.62,18.92,16.08,-1.16,3170.62
LIB221,MRPEIWAAQEARRNGDEVNAYYARRV,1,1,9.62,18.42,15.27,-1.1,3122.58
LIB222,MRPEIWAAQEARRNGDENNAYYARRV,1,1,9.62,13.81,10.77,-1.4,3137.55
LIB223,MRPEIWAAQEARRAGDEFNAYYARRV,1,1,9.62,22.31,19.23,-0.95,3127.59
LIB224,MRPEIWAAQEARRAGDEVNAYYARRV,1,1,9.62,21.81,18.42,-0.9,3079.55
LIB225,MRPEIWAAQEARRAGDENNAYYARRV,1,1,9.62,17.19,13.92,-1.2,3094.52
LIB226,MRPEIWAAQEADRIGDEFNAYYARRV,-1,-1,4.74,24.65,19.88,-0.81,3128.58
LIB227,MRPEIWAAQEADRIGDEVNAYYARRV,-1,-1,4.74,24.15,19.08,-0.76,3080.54
LIB228,MRPEIWAAQEADRIGDENNAYYARRV,-1,-1,4.74,19.54,14.58,-1.05,3095.51
LIB229,MRPEIWAAQEADRFGDEFNAYYARRV,-1,-1,4.74,24.35,19.81,-0.88,3162.59
LIB230,MRPEIWAAQEADRFGDEVNAYYARRV,-1,-1,4.74,23.85,19,-0.82,3114.55
LIB231,MRPEIWAAQEADRFGDENNAYYARRV,-1,-1,4.74,19.23,14.5,-1.12,3129.52
LIB232,MRPEIWAAQEADRDGDEFNAYYARRV,-2,-2,4.38,20.12,13.96,-1.12,3130.5
LIB233,MRPEIWAAQEADRDGDEVNAYYARRV,-2,-2,4.38,19.62,13.15,-1.07,3082.46
LIB234,MRPEIWAAQEADRDGDENNAYYARRV,-2,-2,4.38,15,8.65,-1.36,3097.43
LIB235,MRPEIWAAQEADRNGDEFNAYYARRV,-1,-1,4.74,19.23,14.5,-1.12,3129.52
LIB236,MRPEIWAAQEADRNGDEVNAYYARRV,-1,-1,4.74,18.73,13.69,-1.07,3081.48
LIB237,MRPEIWAAQEADRNGDENNAYYARRV,-1,-1,4.74,14.12,9.19,-1.36,3096.45
LIB238,MRPEIWAAQEADRAGDEFNAYYARRV,-1,-1,4.74,22.62,17.65,-0.92,3086.49
LIB239,MRPEIWAAQEADRAGDEVNAYYARRV,-1,-1,4.74,22.12,16.85,-0.86,3038.45
LIB240,MRPEIWAAQEADRAGDENNAYYARRV,-1,-1,4.74,17.5,12.35,-1.16,3053.42
LIB242,MRPEIWFAQELRRIGDEVNAYYARRV,1,1,9.62,27.62,25.08,-0.68,3239.83
LIB243,MRPEIWFAQELRRIGDENNAYYARRV,1,1,9.62,23,20.58,-0.98,3254.8
LIB244,MRPEIWFAQELRRFGDEFNAYYARRV,1,1,9.62,27.81,25.81,-0.8,3321.88
LIB245,MRPEIWFAQELRRFGDEVNAYYARRV,1,1,9.62,27.31,25,-0.75,3273.84
LIB246,MRPEIWFAQELRRFGDENNAYYARRV,1,1,9.62,22.69,20.5,-1.04,3288.81
LIB247,MRPEIWFAQELRRDGDEFNAYYARRV,0,0,7.08,23.58,19.96,-1.04,3289.79
LIB248,MRPEIWFAQELRRDGDEVNAYYARRV,0,0,7.08,23.08,19.15,-0.99,3241.75
LIB249,MRPEIWFAQELRRDGDENNAYYARRV,0,0,7.08,18.46,14.65,-1.28,3256.72
LIB250,MRPEIWFAQELRRNGDEFNAYYARRV,1,1,9.62,22.69,20.5,-1.04,3288.81
LIB251,MRPEIWFAQELRRNGDEVNAYYARRV,1,1,9.62,22.19,19.69,-0.99,3240.77
LIB252,MRPEIWFAQELRRNGDENNAYYARRV,1,1,9.62,17.58,15.19,-1.28,3255.74
LIB253,MRPEIWFAQELRRAGDEFNAYYARRV,1,1,9.62,26.08,23.65,-0.84,3245.78
LIB254,MRPEIWFAQELRRAGDEVNAYYARRV,1,1,9.62,25.58,22.85,-0.78,3197.74
LIB255,MRPEIWFAQELRRAGDENNAYYARRV,1,1,9.62,20.96,18.35,-1.08,3212.71
LIB256,MRPEIWFAQELDRIGDEFNAYYARRV,-1,-1,4.74,28.42,24.31,-0.7,3246.77
LIB257,MRPEIWFAQELDRIGDEVNAYYARRV,-1,-1,4.74,27.92,23.5,-0.64,3198.73
LIB258,MRPEIWFAQELDRIGDENNAYYARRV,-1,-1,4.74,23.31,19,-0.94,3213.7
LIB259,MRPEIWFAQELDRFGDEFNAYYARRV,-1,-1,4.74,28.12,24.23,-0.76,3280.78
LIB260,MRPEIWFAQELDRFGDEVNAYYARRV,-1,-1,4.74,27.62,23.42,-0.71,3232.74
LIB261,MRPEIWFAQELDRFGDENNAYYARRV,-1,-1,4.74,23,18.92,-1,3247.71
LIB262,MRPEIWFAQELDRDGDEFNAYYARRV,-2,-2,4.38,23.88,18.38,-1,3248.69
LIB263,MRPEIWFAQELDRDGDEVNAYYARRV,-2,-2,4.38,23.38,17.58,-0.95,3200.65
LIB264,MRPEIWFAQELDRDGDENNAYYARRV,-2,-2,4.38,18.77,13.08,-1.25,3215.62
LIB265,MRPEIWFAQELDRNGDEFNAYYARRV,-1,-1,4.74,23,18.92,-1,3247.71
LIB266,MRPEIWFAQELDRNGDEVNAYYARRV,-1,-1,4.74,22.5,18.12,-0.95,3199.67
LIB267,MRPEIWFAQELDRNGDENNAYYARRV,-1,-1,4.74,17.88,13.62,-1.25,3214.64
LIB268,MRPEIWFAQELDRAGDEFNAYYARRV,-1,-1,4.74,26.38,22.08,-0.8,3204.68
LIB269,MRPEIWFAQELDRAGDEVNAYYARRV,-1,-1,4.74,25.88,21.27,-0.75,3156.64
LIB270,MRPEIWFAQELDRAGDENNAYYARRV,-1,-1,4.74,21.27,16.77,-1.04,3171.61
LIB271,MRPEIWFAQEIRRIGDEFNAYYARRV,1,1,9.62,28.12,25.85,-0.71,3287.87
LIB272,MRPEIWFAQEIRRIGDEVNAYYARRV,1,1,9.62,27.62,25.04,-0.65,3239.83
LIB273,MRPEIWFAQEIRRIGDENNAYYARRV,1,1,9.62,23,20.54,-0.95,3254.8
LIB274,MRPEIWFAQEIRRFGDEFNAYYARRV,1,1,9.62,27.81,25.77,-0.77,3321.88
LIB275,MRPEIWFAQEIRRFGDEVNAYYARRV,1,1,9.62,27.31,24.96,-0.72,3273.84
LIB276,MRPEIWFAQEIRRFGDENNAYYARRV,1,1,9.62,22.69,20.46,-1.02,3288.81
LIB277,MRPEIWFAQEIRRDGDEFNAYYARRV,0,0,7.08,23.58,19.92,-1.02,3289.79
LIB278,MRPEIWFAQEIRRDGDEVNAYYARRV,0,0,7.08,23.08,19.12,-0.96,3241.75
LIB279,MRPEIWFAQEIRRDGDENNAYYARRV,0,0,7.08,18.46,14.62,-1.26,3256.72
LIB280,MRPEIWFAQEIRRNGDEFNAYYARRV,1,1,9.62,22.69,20.46,-1.02,3288.81
LIB281,MRPEIWFAQEIRRNGDEVNAYYARRV,1,1,9.62,22.19,19.65,-0.96,3240.77
LIB282,MRPEIWFAQEIRRNGDENNAYYARRV,1,1,9.62,17.58,15.15,-1.26,3255.74
LIB283,MRPEIWFAQEIRRAGDEFNAYYARRV,1,1,9.62,26.08,23.62,-0.81,3245.78
LIB284,MRPEIWFAQEIRRAGDEVNAYYARRV,1,1,9.62,25.58,22.81,-0.76,3197.74
LIB285,MRPEIWFAQEIRRAGDENNAYYARRV,1,1,9.62,20.96,18.31,-1.05,3212.71
LIB286,MRPEIWFAQEIDRIGDEFNAYYARRV,-1,-1,4.74,28.42,24.27,-0.67,3246.77
LIB287,MRPEIWFAQEIDRIGDEVNAYYARRV,-1,-1,4.74,27.92,23.46,-0.62,3198.73
LIB288,MRPEIWFAQEIDRIGDENNAYYARRV,-1,-1,4.74,23.31,18.96,-0.91,3213.7
LIB289,MRPEIWFAQEIDRFGDEFNAYYARRV,-1,-1,4.74,28.12,24.19,-0.73,3280.78
LIB290,MRPEIWFAQEIDRFGDEVNAYYARRV,-1,-1,4.74,27.62,23.38,-0.68,3232.74
LIB291,MRPEIWFAQEIDRFGDENNAYYARRV,-1,-1,4.74,23,18.88,-0.98,3247.71
LIB292,MRPEIWFAQEIDRDGDEFNAYYARRV,-2,-2,4.38,23.88,18.35,-0.98,3248.69
LIB293,MRPEIWFAQEIDRDGDEVNAYYARRV,-2,-2,4.38,23.38,17.54,-0.92,3200.65
LIB294,MRPEIWFAQEIDRDGDENNAYYARRV,-2,-2,4.38,18.77,13.04,-1.22,3215.62
LIB295,MRPEIWFAQEIDRNGDEFNAYYARRV,-1,-1,4.74,23,18.88,-0.98,3247.71
LIB296,MRPEIWFAQEIDRNGDEVNAYYARRV,-1,-1,4.74,22.5,18.08,-0.92,3199.67
LIB297,MRPEIWFAQEIDRNGDENNAYYARRV,-1,-1,4.74,17.88,13.58,-1.22,3214.64
LIB298,MRPEIWFAQEIDRAGDEFNAYYARRV,-1,-1,4.74,26.38,22.04,-0.77,3204.68
LIB299,MRPEIWFAQEIDRAGDEVNAYYARRV,-1,-1,4.74,25.88,21.23,-0.72,3156.64
LIB300,MRPEIWFAQEIDRAGDENNAYYARRV,-1,-1,4.74,21.27,16.73,-1.02,3171.61
LIB301,MRPEIWFAQEFRRIGDEFNAYYARRV,1,1,9.62,27.81,25.77,-0.77,3321.88
LIB302,MRPEIWFAQEFRRIGDEVNAYYARRV,1,1,9.62,27.31,24.96,-0.72,3273.84
LIB303,MRPEIWFAQEFRRIGDENNAYYARRV,1,1,9.62,22.69,20.46,-1.02,3288.81
LIB304,MRPEIWFAQEFRRFGDEFNAYYARRV,1,1,9.62,27.5,25.69,-0.84,3355.89
LIB305,MRPEIWFAQEFRRFGDEVNAYYARRV,1,1,9.62,27,24.88,-0.78,3307.85
LIB306,MRPEIWFAQEFRRFGDENNAYYARRV,1,1,9.62,22.38,20.38,-1.08,3322.82
LIB307,MRPEIWFAQEFRRDGDEFNAYYARRV,0,0,7.08,23.27,19.85,-1.08,3323.8
LIB308,MRPEIWFAQEFRRDGDEVNAYYARRV,0,0,7.08,22.77,19.04,-1.03,3275.76
LIB309,MRPEIWFAQEFRRDGDENNAYYARRV,0,0,7.08,18.15,14.54,-1.32,3290.73
LIB310,MRPEIWFAQEFRRNGDEFNAYYARRV,1,1,9.62,22.38,20.38,-1.08,3322.82
LIB311,MRPEIWFAQEFRRNGDEVNAYYARRV,1,1,9.62,21.88,19.58,-1.03,3274.78
LIB312,MRPEIWFAQEFRRNGDENNAYYARRV,1,1,9.62,17.27,15.08,-1.32,3289.75
LIB313,MRPEIWFAQEFRRAGDEFNAYYARRV,1,1,9.62,25.77,23.54,-0.88,3279.79
LIB314,MRPEIWFAQEFRRAGDEVNAYYARRV,1,1,9.62,25.27,22.73,-0.82,3231.75
LIB315,MRPEIWFAQEFRRAGDENNAYYARRV,1,1,9.62,20.65,18.23,-1.12,3246.72
LIB316,MRPEIWFAQEFDRIGDEFNAYYARRV,-1,-1,4.74,28.12,24.19,-0.73,3280.78
LIB317,MRPEIWFAQEFDRIGDEVNAYYARRV,-1,-1,4.74,27.62,23.38,-0.68,3232.74
LIB318,MRPEIWFAQEFDRIGDENNAYYARRV,-1,-1,4.74,23,18.88,-0.98,3247.71
LIB319,MRPEIWFAQEFDRFGDEFNAYYARRV,-1,-1,4.74,27.81,24.12,-0.8,3314.79
LIB320,MRPEIWFAQEFDRFGDEVNAYYARRV,-1,-1,4.74,27.31,23.31,-0.75,3266.75
LIB321,MRPEIWFAQEFDRFGDENNAYYARRV,-1,-1,4.74,22.69,18.81,-1.04,3281.72
LIB322,MRPEIWFAQEFDRDGDEFNAYYARRV,-2,-2,4.38,23.58,18.27,-1.04,3282.7
LIB323,MRPEIWFAQEFDRDGDEVNAYYARRV,-2,-2,4.38,23.08,17.46,-0.99,3234.66
LIB324,MRPEIWFAQEFDRDGDENNAYYARRV,-2,-2,4.38,18.46,12.96,-1.28,3249.63
LIB325,MRPEIWFAQEFDRNGDEFNAYYARRV,-1,-1,4.74,22.69,18.81,-1.04,3281.72
LIB326,MRPEIWFAQEFDRNGDEVNAYYARRV,-1,-1,4.74,22.19,18,-0.99,3233.68
LIB327,MRPEIWFAQEFDRNGDENNAYYARRV,-1,-1,4.74,17.58,13.5,-1.28,3248.65
LIB328,MRPEIWFAQEFDRAGDEFNAYYARRV,-1,-1,4.74,26.08,21.96,-0.84,3238.69
LIB329,MRPEIWFAQEFDRAGDEVNAYYARRV,-1,-1,4.74,25.58,21.15,-0.78,3190.65
LIB330,MRPEIWFAQEFDRAGDENNAYYARRV,-1,-1,4.74,20.96,16.65,-1.08,3205.62
LIB331,MRPEIWFAQEARRIGDEFNAYYARRV,1,1,9.62,26.08,23.62,-0.81,3245.78
LIB332,MRPEIWFAQEARRIGDEVNAYYARRV,1,1,9.62,25.58,22.81,-0.76,3197.74
LIB333,MRPEIWFAQEARRIGDENNAYYARRV,1,1,9.62,20.96,18.31,-1.05,3212.71
LIB334,MRPEIWFAQEARRFGDEFNAYYARRV,1,1,9.62,25.77,23.54,-0.88,3279.79
LIB335,MRPEIWFAQEARRFGDEVNAYYARRV,1,1,9.62,25.27,22.73,-0.82,3231.75
LIB336,MRPEIWFAQEARRFGDENNAYYARRV,1,1,9.62,20.65,18.23,-1.12,3246.72
LIB337,MRPEIWFAQEARRDGDEFNAYYARRV,0,0,7.08,21.54,17.69,-1.12,3247.7
LIB338,MRPEIWFAQEARRDGDEVNAYYARRV,0,0,7.08,21.04,16.88,-1.07,3199.66
LIB339,MRPEIWFAQEARRDGDENNAYYARRV,0,0,7.08,16.42,12.38,-1.36,3214.63
LIB340,MRPEIWFAQEARRNGDEFNAYYARRV,1,1,9.62,20.65,18.23,-1.12,3246.72
LIB341,MRPEIWFAQEARRNGDEVNAYYARRV,1,1,9.62,20.15,17.42,-1.07,3198.68
LIB342,MRPEIWFAQEARRNGDENNAYYARRV,1,1,9.62,15.54,12.92,-1.36,3213.65
LIB343,MRPEIWFAQEARRAGDEFNAYYARRV,1,1,9.62,24.04,21.38,-0.92,3203.69
LIB344,MRPEIWFAQEARRAGDEVNAYYARRV,1,1,9.62,23.54,20.58,-0.86,3155.65
LIB345,MRPEIWFAQEARRAGDENNAYYARRV,1,1,9.62,18.92,16.08,-1.16,3170.62
LIB346,MRPEIWFAQEADRIGDEFNAYYARRV,-1,-1,4.74,26.38,22.04,-0.77,3204.68
LIB347,MRPEIWFAQEADRIGDEVNAYYARRV,-1,-1,4.74,25.88,21.23,-0.72,3156.64
LIB348,MRPEIWFAQEADRIGDENNAYYARRV,-1,-1,4.74,21.27,16.73,-1.02,3171.61
LIB349,MRPEIWFAQEADRFGDEFNAYYARRV,-1,-1,4.74,26.08,21.96,-0.84,3238.69
LIB350,MRPEIWFAQEADRFGDEVNAYYARRV,-1,-1,4.74,25.58,21.15,-0.78,3190.65
LIB351,MRPEIWFAQEADRFGDENNAYYARRV,-1,-1,4.74,20.96,16.65,-1.08,3205.62
LIB352,MRPEIWFAQEADRDGDEFNAYYARRV,-2,-2,4.38,21.85,16.12,-1.08,3206.6
LIB353,MRPEIWFAQEADRDGDEVNAYYARRV,-2,-2,4.38,21.35,15.31,-1.03,3158.56
LIB354,MRPEIWFAQEADRDGDENNAYYARRV,-2,-2,4.38,16.73,10.81,-1.32,3173.53
LIB355,MRPEIWFAQEADRNGDEFNAYYARRV,-1,-1,4.74,20.96,16.65,-1.08,3205.62
LIB356,MRPEIWFAQEADRNGDEVNAYYARRV,-1,-1,4.74,20.46,15.85,-1.03,3157.58
LIB357,MRPEIWFAQEADRNGDENNAYYARRV,-1,-1,4.74,15.85,11.35,-1.32,3172.55
LIB358,MRPEIWFAQEADRAGDEFNAYYARRV,-1,-1,4.74,24.35,19.81,-0.88,3162.59
LIB359,MRPEIWFAQEADRAGDEVNAYYARRV,-1,-1,4.74,23.85,19,-0.82,3114.55
BIM,MRPEIWIAQELRRIGDEFNAYYARRV,1,1,9.62,28.42,25.96,-0.67,3253.86
Bax 1,STKKLSECLKRIGDELDSNM,-0.09,0,6.24,16,11.2,-0.85,2267.7
Bax 2,AAKKLSECLKRIGDELDSNM,-0.09,0,6.24,20.4,14.9,-0.59,2221.67
Bax 3,STKKLSECLKRIGDELDS,-0.09,0,6.24,15.94,10.61,-0.85,2022.39
Bax 4,STKKLSECLKRIGDELDSM,-0.09,0,6.24,19,13.95,-0.71,2153.59
Bax 5,STKKLSECLKRIGDELDM,-0.09,0,6.24,20.44,15,-0.7,2066.51
Bax 6,STKKLSECLKRIGDELM,0.91,1,8.84,22.71,19.12,-0.54,1951.42
Bax 7,STKKLSECLKRIGDEM,0.91,1,8.84,17.88,14.06,-0.81,1838.25
Bax 8,STKKLSECLKRIGDM,1.91,2,9.82,18.53,17.07,-0.63,1709.13
Bax 9,KKLSECLKRIGDELDSNM,-0.09,0,6.24,17.44,12,-0.86,2079.51
Bax 10,KLSECLKRIGDELDS,-1.09,-1,4.6,21.2,13.73,-0.66,1706.02
Bax 11,LSECLKRIGDELDSN,-2.09,-2,3.97,20.93,12.53,-0.63,1691.95
Bax 12,STKKLECLKRIGDELDSNM,-0.09,0,6.24,17.21,12.05,-0.85,2180.62
Bax 13,STKKLCLKRIGDELDSNM,0.91,1,8.84,17.72,14.44,-0.7,2051.5
Bax 14,STKKLLKRIGDELDSNM,1,1,9.8,15.71,12.41,-0.89,1948.36
Bax 15,STKKLSECLGDELDSNM,-2.09,-2,3.97,16.65,9.53,-0.76,1870.16
Bax 16,STKKLSECLKRIGDEL,0.91,1,8.84,19.5,15.69,-0.69,1820.22
Bax 17,TKKLSECLKRIGDEL,0.91,1,8.84,21.27,17.07,-0.68,1733.14
Bax 18,TKKLSECLKRIGDE,0.91,1,8.84,15.64,11.14,-1,1619.97
Bim-BH3W89Y,DMRPEIYIAQELRRIGDEFNAY,-2,-2,4.24,25.59,19.73,-0.77,2700.13
BIM   (86-103),IWIAQELRRIGDEFNAYY,-1,-1,4.43,36.39,33.5,-0.37,2257.63
BIM,RPEIWIAQELRRIGDEFNAYYAR,0,0,7.06,26.61,23.43,-0.83,2867.33
Bad a,NLWAARYGRELRRMSDKFVD,2,2,10.54,22.75,21.15,-0.96,2483.92
Bad,LWAAQRYGRELRRMSDEFVDSFKK,2,2,10.28,22.25,20.5,-1.03,2989.51
Noxa,AELEVECATQLRRFGDKLNFRQKL,0.91,1,8.88,24.96,21.54,-0.66,2865.43
Noxa C2dY,AELEVEYATQLRRFGDKLNFRQKL,1,1,9.64,24.83,22.12,-0.82,2925.47
Bad,LWAAQRYGRELRRMSDEFEGSFKGL,1,1,9.78,24.72,22.52,-0.88,3003.51
Ant-Bax,RQIKIWFQNRRMKWKKSTKKLSECLKRIGDELDSNM,6.91,7,10.94,15.31,16.44,-1.24,4496.54
Ant-Bak,RQIKIWFQNRRMKWKKMGQVGRQLAIIGDDINRRY,8,8,12.21,19.69,23.03,-1.03,4404.45
Ant-Bad,RQIKIWFQNRRMKWKKNLWAAQRYGRELRRMSDEFVD,7,7,11.78,19.27,20.89,-1.35,4841.84
peptide containing the BH3 regions from Bak(72-94),GQVGRQLAIIGDDINRRYDSEFQ,-1,-1,4.55,19.17,15.65,-0.81,2651.02
peptide containing the BH3 regions from Bak(72-87),GQVGRQLAIIGDDINR,0,0,7.04,22.56,19.69,-0.28,1725.04
peptide containing the BH3 regions from Bax(57-72),KKLSECLKRIGDELDS,-0.09,0,6.24,17.56,11.44,-0.86,1834.2
peptide containing the BH3 regions from Bad(145-160),QRYGRELRRMSDEFEG,0,0,7.11,12,7.19,-1.87,2029.29
TAT-Bim (145-165),RKKRRQ(orn)RRREIWIAQELRRIGDEFNAYYAR,8,,11.95,14.53,15.3,-1.71,4091.85
